{"cameraMode":{"drawMode":0,"name":"Shaded","section":"Shading Mode"},"sceneLighting":true,"audioPlay":false,"sceneViewState":{"showFog":false,"showMaterialUpdate":false,"showSkybox":false,"showFlares":false,"showImageEffects":false,"showParticleSystems":false},"in2DMode":false,"pivot":{"x":5.3067426681518559,"y":1.8269686698913575,"z":-3.5733094215393068},"rotation":{"x":-0.23209893703460694,"y":0.0282987542450428,"z":-0.006880445405840874,"w":-0.9723860621452332},"size":5.2556023597717289,"orthographic":false}