{"cameraMode":{"drawMode":0,"name":"Shaded","section":"Shading Mode"},"sceneLighting":true,"audioPlay":false,"sceneViewState":{"showFog":false,"showMaterialUpdate":false,"showSkybox":false,"showFlares":false,"showImageEffects":false,"showParticleSystems":false},"in2DMode":false,"pivot":{"x":-6.473973274230957,"y":1.525646448135376,"z":24.770658493041993},"rotation":{"x":0.05026900768280029,"y":-0.1634531021118164,"z":0.008503511548042298,"w":0.9853560924530029},"size":1.4054421186447144,"orthographic":false}