{"cameraMode":{"drawMode":0,"name":"Shaded","section":"Shading Mode"},"sceneLighting":true,"audioPlay":false,"sceneViewState":{"showFog":false,"showMaterialUpdate":false,"showSkybox":false,"showFlares":false,"showImageEffects":false,"showParticleSystems":false},"in2DMode":false,"pivot":{"x":2.5103302001953127,"y":4.3517584800720219,"z":-0.09313352406024933},"rotation":{"x":-0.07492974400520325,"y":0.21578052639961244,"z":-0.016571808606386186,"w":-0.9735086560249329},"size":5.2556023597717289,"orthographic":false}