{"cameraMode":{"drawMode":0,"name":"Shaded","section":"Shading Mode"},"sceneLighting":true,"audioPlay":false,"sceneViewState":{"showFog":false,"showMaterialUpdate":false,"showSkybox":false,"showFlares":false,"showImageEffects":false,"showParticleSystems":false},"in2DMode":false,"pivot":{"x":-3.913963556289673,"y":1.297438383102417,"z":26.780635833740236},"rotation":{"x":-0.41981548070907595,"y":-0.03270167112350464,"z":0.015084290876984597,"w":-0.9069941639900208},"size":7.139576435089111,"orthographic":false}