{"cameraMode":{"drawMode":0,"name":"Shaded","section":"Shading Mode"},"sceneLighting":false,"audioPlay":false,"sceneViewState":{"showFog":false,"showMaterialUpdate":false,"showSkybox":false,"showFlares":false,"showImageEffects":false,"showParticleSystems":false},"in2DMode":false,"pivot":{"x":-19.84000015258789,"y":1.2300000190734864,"z":8.859999656677246},"rotation":{"x":0.10050524026155472,"y":0.8597493767738342,"z":-0.46600568294525149,"w":0.18433907628059388},"size":1.2247449159622193,"orthographic":false}