{"cameraMode":{"drawMode":0,"name":"Shaded","section":"Shading Mode"},"sceneLighting":true,"audioPlay":false,"sceneViewState":{"showFog":false,"showMaterialUpdate":false,"showSkybox":false,"showFlares":false,"showImageEffects":false,"showParticleSystems":false},"in2DMode":false,"pivot":{"x":8.716080665588379,"y":6.895745754241943,"z":-9.217061042785645},"rotation":{"x":-0.3546364903450012,"y":0.30997008085250857,"z":-0.12605032324790955,"w":-0.8732690215110779},"size":2.2515997886657717,"orthographic":false}