{"cameraMode":{"drawMode":0,"name":"Shaded","section":"Shading Mode"},"sceneLighting":true,"audioPlay":false,"sceneViewState":{"showFog":false,"showMaterialUpdate":false,"showSkybox":false,"showFlares":false,"showImageEffects":false,"showParticleSystems":false},"in2DMode":false,"pivot":{"x":-5.492060661315918,"y":1.4837257862091065,"z":24.914724349975587},"rotation":{"x":0.05846907198429108,"y":0.014093022793531418,"z":-0.0006611114367842674,"w":0.9983111619949341},"size":1.4054421186447144,"orthographic":false}