{"cameraMode":{"drawMode":0,"name":"Shaded","section":"Shading Mode"},"sceneLighting":true,"audioPlay":false,"sceneViewState":{"showFog":false,"showMaterialUpdate":false,"showSkybox":false,"showFlares":false,"showImageEffects":false,"showParticleSystems":false},"in2DMode":false,"pivot":{"x":-23.4869327545166,"y":-78.94928741455078,"z":82.60995483398438},"rotation":{"x":-0.3512701988220215,"y":0.1416211575269699,"z":-0.05384862422943115,"w":-0.9239448308944702},"size":70.71067810058594,"orthographic":false}