{"cameraMode":{"drawMode":0,"name":"Shaded","section":"Shading Mode"},"sceneLighting":true,"audioPlay":false,"sceneViewState":{"showFog":false,"showMaterialUpdate":false,"showSkybox":false,"showFlares":false,"showImageEffects":false,"showParticleSystems":false},"in2DMode":false,"pivot":{"x":242.03208923339845,"y":128.49427795410157,"z":-10.477201461791993},"rotation":{"x":-0.01530856266617775,"y":-0.00690209586173296,"z":0.00010617967927828431,"w":-0.9998623728752136},"size":153.5541534423828,"orthographic":false}