{"cameraMode":{"drawMode":0,"name":"Shaded","section":"Shading Mode"},"sceneLighting":false,"audioPlay":false,"sceneViewState":{"showFog":false,"showMaterialUpdate":false,"showSkybox":false,"showFlares":false,"showImageEffects":false,"showParticleSystems":false},"in2DMode":false,"pivot":{"x":16.114805221557618,"y":7.913671016693115,"z":8.459481239318848},"rotation":{"x":-0.21497313678264619,"y":-0.5847678184509277,"z":0.1633681207895279,"w":-0.7653430700302124},"size":5.118758201599121,"orthographic":false}