{"cameraMode":{"drawMode":0,"name":"Shaded","section":"Shading Mode"},"sceneLighting":false,"audioPlay":false,"sceneViewState":{"showFog":false,"showMaterialUpdate":false,"showSkybox":false,"showFlares":false,"showImageEffects":false,"showParticleSystems":false},"in2DMode":false,"pivot":{"x":-4.450401782989502,"y":1.966215968132019,"z":4.345038890838623},"rotation":{"x":0.14794227480888368,"y":-0.7022704482078552,"z":0.15355689823627473,"w":0.6796714067459106},"size":7.589120864868164,"orthographic":false}