{"cameraMode":{"drawMode":0,"name":"Shaded","section":"Shading Mode"},"sceneLighting":true,"audioPlay":false,"sceneViewState":{"showFog":false,"showMaterialUpdate":false,"showSkybox":false,"showFlares":false,"showImageEffects":false,"showParticleSystems":false},"in2DMode":false,"pivot":{"x":6.891082286834717,"y":4.88087797164917,"z":-2.496283531188965},"rotation":{"x":-0.13570593297481538,"y":0.6565280556678772,"z":-0.1217142641544342,"w":-0.7319963574409485},"size":1.8247449398040772,"orthographic":false}