{"cameraMode":{"drawMode":0,"name":"Shaded","section":"Shading Mode"},"sceneLighting":true,"audioPlay":false,"sceneViewState":{"showFog":false,"showMaterialUpdate":false,"showSkybox":false,"showFlares":false,"showImageEffects":false,"showParticleSystems":false},"in2DMode":false,"pivot":{"x":-15.120732307434082,"y":-0.5675126314163208,"z":15.199629783630371},"rotation":{"x":-0.027194218710064889,"y":0.9340905547142029,"z":-0.07302971184253693,"w":-0.3487357199192047},"size":7.139576435089111,"orthographic":false}