{"cameraMode":{"drawMode":0,"name":"Shaded","section":"Shading Mode"},"sceneLighting":true,"audioPlay":false,"sceneViewState":{"showFog":false,"showMaterialUpdate":false,"showSkybox":false,"showFlares":false,"showImageEffects":false,"showParticleSystems":false},"in2DMode":false,"pivot":{"x":3.520242929458618,"y":5.454145431518555,"z":-2.97774338722229},"rotation":{"x":-0.21343493461608888,"y":0.48622384667396548,"z":-0.12379554659128189,"w":-0.8382911086082459},"size":1.2247449159622193,"orthographic":false}