{"cameraMode":{"drawMode":0,"name":"Shaded","section":"Shading Mode"},"sceneLighting":false,"audioPlay":false,"sceneViewState":{"showFog":false,"showMaterialUpdate":false,"showSkybox":false,"showFlares":false,"showImageEffects":false,"showParticleSystems":false},"in2DMode":false,"pivot":{"x":-5.014376163482666,"y":2.8217437267303469,"z":-1.6418410539627076},"rotation":{"x":-0.1688220500946045,"y":-0.053035423159599307,"z":0.00860927626490593,"w":-0.9844529628753662},"size":4.156044006347656,"orthographic":false}