{"cameraMode":{"drawMode":0,"name":"Shaded","section":"Shading Mode"},"sceneLighting":true,"audioPlay":false,"sceneViewState":{"showFog":false,"showMaterialUpdate":false,"showSkybox":false,"showFlares":false,"showImageEffects":false,"showParticleSystems":false},"in2DMode":false,"pivot":{"x":5.514542102813721,"y":5.540992259979248,"z":-2.6406121253967287},"rotation":{"x":-0.16026346385478974,"y":0.411372572183609,"z":-0.07369492202997208,"w":-0.8943208456039429},"size":7.5619964599609379,"orthographic":false}