{"cameraMode":{"drawMode":0,"name":"Shaded","section":"Shading Mode"},"sceneLighting":true,"audioPlay":false,"sceneViewState":{"showFog":false,"showMaterialUpdate":false,"showSkybox":false,"showFlares":false,"showImageEffects":false,"showParticleSystems":false},"in2DMode":false,"pivot":{"x":-4.031095027923584,"y":15.135839462280274,"z":-9.358500480651856},"rotation":{"x":-0.520990252494812,"y":-0.0025892863050103189,"z":0.0016579077346250415,"w":-0.8539431095123291},"size":4.132128715515137,"orthographic":false}