{"cameraMode":{"drawMode":0,"name":"Shaded","section":"Shading Mode"},"sceneLighting":true,"audioPlay":false,"sceneViewState":{"showFog":false,"showMaterialUpdate":false,"showSkybox":false,"showFlares":false,"showImageEffects":false,"showParticleSystems":false},"in2DMode":false,"pivot":{"x":-11.12216567993164,"y":-50.070518493652347,"z":115.91886901855469},"rotation":{"x":-0.19818919897079469,"y":0.05348338559269905,"z":-0.010839457623660565,"w":-0.9786561131477356},"size":70.71067810058594,"orthographic":false}