{"cameraMode":{"drawMode":0,"name":"Shaded","section":"Shading Mode"},"sceneLighting":false,"audioPlay":false,"sceneViewState":{"showFog":false,"showMaterialUpdate":false,"showSkybox":false,"showFlares":false,"showImageEffects":false,"showParticleSystems":false},"in2DMode":false,"pivot":{"x":1.6722866296768189,"y":1.2751461267471314,"z":-2.3543829917907717},"rotation":{"x":-0.14855630695819856,"y":-0.13030573725700379,"z":0.019214753061532975,"w":-0.9804079532623291},"size":4.132128715515137,"orthographic":false}